resid,mean,std,count
14,-0.00010019999999995033,0.00016070687601964277,5
42,-0.00011020000000008245,0.00010486515150422568,5
43,-6.55999999999768e-05,8.571347618661183e-05,5
44,1.640000000001085e-05,0.00010508234866048153,5
46,-4.519999999995777e-05,0.0001508333517495624,5
62,3.599999999986947e-06,0.00015472814869958677,5
63,-0.00016860000000010756,0.0008849521455989031,5
64,0.0040751999999999065,0.0016285667625245733,5
65,-0.007904400000000002,0.003007466674794519,5
67,-0.006786599999999965,0.0013046282229048879,5
68,0.008214399999999867,0.005783572105541694,5
89,-2.1200000000037856e-05,0.00011388020021059005,5
91,-5.5000000000005043e-05,0.0001687053644672001,5
93,0.003269199999999928,0.0009511591349506595,5
107,-0.00043879999999998367,0.00046527970082522796,5
142,-2.24000000000224e-05,0.000160518846245576,5
143,0.0001269999999999216,0.00017219901277298297,5
144,-0.00015160000000001838,0.00012990881417362446,5
159,-0.0001183999999999713,0.00010771397309545121,5
161,0.0005744000000000582,0.0012836412271347477,5
179,-3.5800000000008046e-05,5.9048285326495674e-05,5
195,0.00812300000000003,0.008821544847701063,5
196,0.0008760000000000767,0.0008993108472603484,5
197,0.00019980000000001386,0.0009940179575842214,5
211,-0.0003378000000000325,0.00022109658522923294,5
212,-3.8799999999944436e-05,8.206521796716322e-05,5
213,0.00504399999999996,0.00799851398698527,5
214,-8.079999999985877e-05,0.00019870505781190186,5
215,0.000381800000000021,0.0004364879150675802,5
