resid,mean_norm_abs_delta,std_norm_abs_delta,n_frames_used,chosen
14,0.014102010706936874,0.006445612980051032,5,False
42,0.008195685628219405,0.008225456201177605,5,False
43,0.005655192771764612,0.0038558571972869423,5,False
44,0.008428109282967526,0.008784675529261982,5,False
46,0.012067914800240376,0.009286233606046787,5,False
62,0.011659371266603016,0.009030840967151343,5,False
63,0.03923329762949338,0.029251748508190435,5,True
64,0.38523317329870227,0.2884561512243501,5,True
65,0.6845484221329483,0.2958260970512925,5,True
67,0.5957365230468499,0.26131089923907214,5,True
68,0.7008218120987812,0.3671341246025128,5,True
89,0.006441486480913078,0.003784773397744611,5,False
91,0.015056605937705645,0.011603248777037825,5,True
93,0.3167235520943703,0.1908733109315325,5,True
107,0.05663171325973458,0.06583631420242106,5,True
142,0.013324164016068396,0.012297316794232481,5,False
143,0.018625518781373283,0.012102766541430743,5,True
144,0.014848630445552199,0.007582476089897264,5,False
159,0.012666355647244243,0.010682889370564663,5,False
161,0.09624507916061355,0.07434689766169018,5,True
179,0.005322119712337008,0.005671381050800041,5,False
195,0.5429692466728392,0.40029157514696684,5,True
196,0.06111351084990404,0.04182782359581596,5,True
197,0.07107393442664298,0.04527360122411586,5,True
211,0.03530904467759508,0.028285307168716727,5,True
212,0.004716070053908578,0.0058981877335664455,5,False
213,0.3656430359449404,0.3293562731005563,5,True
214,0.017072764242943572,0.023030098140272605,5,True
215,0.024870963351033747,0.02220863859357538,5,True
